,Price,Adj Close,Close,High,Low,Open,Volume
0,2018-01-02,79.63,85.95,86.31,85.5,86.13,22483800
1,2018-01-03,80.0,86.35,86.51,85.97,86.06,26061400
2,2018-01-04,80.71,87.11,87.66,86.57,86.59,21912000
3,2018-01-05,81.71,88.19,88.41,87.43,87.66,23407100
4,2018-01-08,81.79,88.28,88.58,87.6,88.2,22113000
5,2018-01-09,81.74,88.22,88.73,87.86,88.65,19484300
6,2018-01-10,81.37,87.82,88.19,87.41,87.86,18652200
7,2018-01-11,81.61,88.08,88.13,87.24,88.13,17808900
8,2018-01-12,83.02,89.6,89.78,88.45,88.67,24271500
9,2018-01-16,81.86,88.35,90.79,88.01,90.1,36599700
10,2018-01-17,83.52,90.14,90.28,88.75,89.08,25621200
11,2018-01-18,83.48,90.1,90.67,89.66,89.8,24159700
12,2018-01-19,83.39,90.0,90.61,89.66,90.14,36875000
13,2018-01-22,84.88,91.61,91.62,89.74,90.0,23601600
14,2018-01-23,85.15,91.9,92.3,91.54,91.9,23412800
15,2018-01-24,85.07,91.82,93.43,91.58,92.55,33277500
16,2018-01-25,85.54,92.33,93.24,91.93,92.47,26383200
17,2018-01-26,87.15,94.06,94.06,92.58,93.12,29172200
18,2018-01-29,87.02,93.92,95.45,93.72,95.14,31569900
19,2018-01-30,85.92,92.74,93.66,92.1,93.3,38635100
20,2018-01-31,88.03,95.01,95.4,93.51,93.75,48756300
21,2018-02-01,87.33,94.26,96.07,93.58,94.79,47227900
22,2018-02-02,85.04,91.78,93.97,91.5,93.64,47867800
23,2018-02-05,81.53,88.0,93.24,88.0,90.56,51031500
24,2018-02-06,84.62,91.33,91.48,85.25,86.89,67998600
25,2018-02-07,83.02,89.61,91.77,89.2,90.49,41107600
26,2018-02-08,78.76,85.01,89.88,84.76,89.71,55628700
27,2018-02-09,81.7,88.18,88.93,83.83,86.3,63499100
28,2018-02-12,82.58,89.13,89.78,87.93,88.74,35720300
29,2018-02-13,83.23,89.83,90.0,87.8,88.93,26407700
30,2018-02-14,84.53,90.81,90.99,88.41,88.51,34960900
31,2018-02-15,86.25,92.66,92.72,90.62,91.21,27823900
32,2018-02-16,85.64,92.0,93.5,91.8,92.45,30596900
33,2018-02-20,86.31,92.72,93.06,91.01,91.48,30911700
34,2018-02-21,85.16,91.49,93.36,91.49,92.98,26922500
35,2018-02-22,85.39,91.73,92.73,91.36,92.05,24392800
36,2018-02-23,87.56,94.06,94.07,92.36,93.6,26329200
37,2018-02-26,88.82,95.42,95.45,94.25,94.4,30199800
38,2018-02-27,87.69,94.2,95.84,94.2,95.74,25869100
39,2018-02-28,87.29,93.77,95.71,93.63,94.84,31167300
40,2018-03-01,86.43,92.85,94.57,91.84,93.99,37135600
41,2018-03-02,86.62,93.05,93.15,90.86,91.58,32830400
42,2018-03-05,87.17,93.64,94.27,92.26,92.34,23901600
43,2018-03-06,86.87,93.32,94.49,92.94,94.34,22175800
44,2018-03-07,87.37,93.86,93.94,92.43,93.16,26716100
45,2018-03-08,87.9,94.43,95.1,93.77,94.27,25887800
46,2018-03-09,89.87,96.54,96.54,95.0,95.29,36937300
47,2018-03-12,90.08,96.77,97.21,96.04,96.5,26073700
48,2018-03-13,87.88,94.41,97.24,93.97,97.0,35387800
49,2018-03-14,87.36,93.85,95.41,93.5,95.12,32132000
50,2018-03-15,87.67,94.18,94.58,92.83,93.53,27611000
51,2018-03-16,88.06,94.6,95.38,93.92,94.68,49081300
52,2018-03-19,86.47,92.89,93.9,92.11,93.74,33344100
53,2018-03-20,86.69,93.13,93.77,93.0,93.05,23075200
54,2018-03-21,86.09,92.48,94.05,92.21,92.93,24457100
55,2018-03-22,83.58,89.79,91.75,89.66,91.27,38604700
56,2018-03-23,81.15,87.18,90.46,87.08,89.5,44068900
57,2018-03-26,87.3,93.78,94.0,90.4,90.61,56396800
58,2018-03-27,83.28,89.47,95.14,88.51,94.94,56569000
59,2018-03-28,83.21,89.39,91.23,88.87,89.82,52501100
60,2018-03-29,84.96,91.27,92.29,88.4,90.18,45867500
61,2018-04-02,82.4,88.52,90.88,87.51,90.47,48515400
62,2018-04-03,83.51,89.71,90.05,87.89,89.58,37213800
63,2018-04-04,85.95,92.33,92.76,87.73,87.85,35560000
64,2018-04-05,85.99,92.38,93.07,91.4,92.44,29771900
65,2018-04-06,83.99,90.23,92.46,89.48,91.49,38026000
66,2018-04-09,84.49,90.77,93.17,90.62,91.04,31533900
67,2018-04-10,86.46,92.88,93.28,91.64,92.39,26812000
68,2018-04-11,85.51,91.86,93.29,91.48,92.01,24872100
69,2018-04-12,87.11,93.58,94.16,92.43,92.43,26758900
70,2018-04-13,86.64,93.08,94.18,92.44,94.05,23346100
71,2018-04-16,87.66,94.17,94.66,93.42,94.07,20288100
72,2018-04-17,89.43,96.07,96.54,94.88,95.0,26771000
73,2018-04-18,89.77,96.44,96.72,95.52,96.22,21043300
74,2018-04-19,89.47,96.11,97.07,95.34,96.44,23552500
75,2018-04-20,88.43,95.0,96.11,94.05,95.91,31154400
76,2018-04-23,88.76,95.35,96.29,94.63,95.74,22331800
77,2018-04-24,86.68,93.12,96.47,92.41,96.24,34524800
78,2018-04-25,85.93,92.31,93.3,90.28,93.3,33729300
79,2018-04-26,87.74,94.26,95.15,93.1,93.55,42529000
80,2018-04-27,89.2,95.82,97.9,93.91,97.6,48272800
81,2018-04-30,87.05,93.52,96.4,93.15,96.33,41523600
82,2018-05-01,88.43,95.0,95.29,92.79,93.21,31408900
83,2018-05-02,87.04,93.51,95.17,93.19,94.99,27471000
84,2018-05-03,87.57,94.07,94.93,92.45,92.96,31142500
85,2018-05-04,88.58,95.16,95.37,92.92,93.32,22531300
86,2018-05-07,89.57,96.22,96.71,95.1,95.17,24242000
87,2018-05-08,89.19,95.81,96.16,95.06,95.85,23484600
88,2018-05-09,90.24,96.94,96.97,95.05,96.01,27327400
89,2018-05-10,91.14,97.91,97.95,97.05,97.46,22388100
90,2018-05-11,90.95,97.7,97.87,97.04,97.8,16778300
91,2018-05-14,91.25,98.03,98.69,97.31,97.92,19454100
92,2018-05-15,90.59,97.32,97.85,96.34,97.24,24594000
93,2018-05-16,90.83,97.15,97.4,96.62,97.36,17384700
94,2018-05-17,89.92,96.18,97.54,95.83,96.76,17246700
95,2018-05-18,90.09,96.36,96.93,96.01,96.01,17865800
96,2018-05-21,91.25,97.6,98.01,96.8,97.0,19422500
97,2018-05-22,91.15,97.5,98.17,97.2,97.68,15441200
98,2018-05-23,92.24,98.66,98.73,96.32,96.71,21251200
99,2018-05-24,91.91,98.31,98.94,96.81,98.73,26649300
100,2018-05-25,91.96,98.36,98.98,97.86,98.3,18363900
101,2018-05-29,91.63,98.01,98.88,97.23,97.84,28671000
102,2018-05-30,92.51,98.95,99.25,97.91,98.31,22158500
103,2018-05-31,92.41,98.84,99.99,98.61,99.29,34140900
104,2018-06-01,94.23,100.79,100.86,99.17,99.28,28655600
105,2018-06-04,95.05,101.67,101.86,100.85,101.26,27281600
106,2018-06-05,95.54,102.19,102.33,101.53,102.0,23514400
107,2018-06-06,95.82,102.49,102.6,101.9,102.48,21122900
108,2018-06-07,94.31,100.88,102.69,100.38,102.65,28232200
109,2018-06-08,95.01,101.63,101.95,100.54,101.09,22165100
110,2018-06-11,94.47,101.05,101.59,100.67,101.01,23490900
111,2018-06-12,94.71,101.31,101.45,100.75,101.1,18325200
112,2018-06-13,94.28,100.85,102.01,100.56,101.72,29492900
113,2018-06-14,94.82,101.42,102.03,101.0,101.65,25691800
114,2018-06-15,93.61,100.13,101.53,100.07,101.51,65738600
115,2018-06-18,94.29,100.86,101.11,99.42,100.01,23586000
116,2018-06-19,94.29,100.86,101.0,99.5,99.65,28653100
117,2018-06-20,95.24,101.87,102.52,101.12,101.37,26180800
118,2018-06-21,94.56,101.14,102.46,100.88,102.08,23198200
119,2018-06-22,93.87,100.41,100.77,99.63,100.41,38923100
120,2018-06-25,91.98,98.39,100.11,97.3,100.0,35433300
121,2018-06-26,92.63,99.08,100.08,98.75,98.82,26897200
122,2018-06-27,91.19,97.54,100.02,97.4,99.58,31298400
123,2018-06-28,92.21,98.63,99.11,97.26,97.38,26650700
124,2018-06-29,92.19,98.61,99.91,98.33,98.93,28053200
125,2018-07-02,93.5,100.01,100.06,98.0,98.1,19564500
126,2018-07-03,92.6,99.05,100.63,98.94,100.48,14670300
127,2018-07-05,93.27,99.76,99.92,99.03,99.5,18977400
128,2018-07-06,94.57,101.16,101.43,99.67,99.89,19234600
129,2018-07-09,95.22,101.85,102.25,101.25,101.65,18212000
130,2018-07-10,95.47,102.12,102.51,101.86,102.0,19293100
131,2018-07-11,95.34,101.98,102.34,101.1,101.15,19644600
132,2018-07-12,97.41,104.19,104.41,102.73,102.77,24335900
133,2018-07-13,98.57,105.43,105.6,104.09,104.37,24635200
134,2018-07-16,98.08,104.91,105.82,104.52,105.4,21786900
135,2018-07-17,99.05,105.95,106.5,104.32,104.61,25901700
136,2018-07-18,98.28,105.12,106.05,104.72,105.94,29493900
137,2018-07-19,97.6,104.4,105.31,103.89,104.93,40171600
138,2018-07-20,99.35,106.27,108.2,106.08,108.08,56004000
139,2018-07-23,100.94,107.97,108.14,106.13,106.3,29707000
140,2018-07-24,100.65,107.66,108.82,107.26,108.57,26316600
141,2018-07-25,103.61,110.83,111.15,107.6,107.96,30702100
142,2018-07-26,102.48,109.62,111.0,109.5,110.74,31372100
143,2018-07-27,100.67,107.68,110.18,106.14,110.18,37005300
144,2018-07-30,98.51,105.37,107.53,104.76,107.19,34668300
145,2018-07-31,99.17,106.08,106.72,105.38,106.49,27655200
146,2018-08-01,99.36,106.28,106.45,105.42,106.03,23628700
147,2018-08-02,100.57,107.57,108.09,104.84,105.4,26104300
148,2018-08-03,101.01,108.04,108.05,106.82,107.8,18659600
149,2018-08-06,101.09,108.13,108.42,107.56,108.12,20265900
150,2018-08-07,101.79,108.88,109.1,108.17,108.56,16080200
151,2018-08-08,102.36,109.49,109.75,108.76,109.33,15487500
152,2018-08-09,102.53,109.67,110.16,109.6,109.71,13677200
153,2018-08-10,101.9,109.0,109.69,108.38,109.42,18183700
154,2018-08-13,101.17,108.21,109.58,108.1,109.24,18472500
155,2018-08-14,102.43,109.56,109.75,108.04,108.56,16788300
156,2018-08-15,101.04,107.66,108.99,106.82,108.49,29982800
157,2018-08-16,101.02,107.64,108.86,107.3,108.3,21384300
158,2018-08-17,100.96,107.58,107.9,106.69,107.36,18061500
159,2018-08-20,100.3,106.87,107.9,106.48,107.51,17914200
160,2018-08-21,99.46,105.98,107.35,105.85,106.92,22881900
161,2018-08-22,100.48,107.06,107.34,105.78,105.85,18000600
162,2018-08-23,100.94,107.56,108.18,106.87,107.15,18167700
163,2018-08-24,101.73,108.4,108.56,107.56,107.67,17234000
164,2018-08-27,102.86,109.6,109.64,108.51,109.27,19662300
165,2018-08-28,103.48,110.26,110.5,109.79,109.94,19151500
166,2018-08-29,105.13,112.02,112.03,110.27,110.45,20818000
167,2018-08-30,105.06,111.95,112.61,111.44,111.67,22798700
168,2018-08-31,105.42,112.33,112.78,111.52,111.69,23222700
169,2018-09-04,104.84,111.71,111.96,110.22,110.85,22634600
170,2018-09-05,101.82,108.49,111.42,108.1,111.01,32872400
171,2018-09-06,102.05,108.74,108.99,107.51,108.25,23477600
172,2018-09-07,101.55,108.21,108.72,107.23,108.23,22498600
173,2018-09-10,102.65,109.38,109.64,108.36,108.84,20727900
174,2018-09-11,104.4,111.24,111.59,108.89,108.9,24301800
175,2018-09-12,104.84,111.71,111.85,110.51,111.43,18891100
176,2018-09-13,105.97,112.91,113.73,112.12,112.12,26055600
177,2018-09-14,106.4,113.37,113.73,112.44,113.36,19122300
178,2018-09-17,105.24,112.14,113.7,111.86,113.69,20736500
179,2018-09-18,106.25,113.21,113.7,111.72,112.19,22170900
180,2018-09-19,104.83,111.7,113.32,111.04,113.05,21728400
181,2018-09-20,106.58,113.57,113.8,111.93,112.28,23714500
182,2018-09-21,107.23,114.26,115.29,113.51,114.0,71229700
183,2018-09-24,107.62,114.67,114.9,112.22,113.03,27334500
184,2018-09-25,107.41,114.45,115.1,113.75,114.8,22668000
185,2018-09-26,106.97,113.98,115.06,113.74,114.47,19352000
186,2018-09-27,107.37,114.41,114.91,114.2,114.78,19091300
187,2018-09-28,107.34,114.37,114.57,113.68,114.19,21647800
188,2018-10-01,108.5,115.61,115.68,114.73,114.75,18883100
189,2018-10-02,108.07,115.15,115.84,114.44,115.3,20787200
190,2018-10-03,108.09,115.17,116.18,114.93,115.42,16648000
191,2018-10-04,105.85,112.79,114.76,111.63,114.61,34821700
192,2018-10-05,105.23,112.13,113.17,110.64,112.63,29068900
193,2018-10-08,104.03,110.85,112.03,109.34,111.66,29640600
194,2018-10-09,105.36,112.26,113.08,110.8,111.14,26198600
195,2018-10-10,99.63,106.16,111.5,105.79,111.24,61376300
196,2018-10-11,99.4,105.91,108.93,104.2,105.35,63904300
197,2018-10-12,102.83,109.57,111.24,107.12,109.01,47742100
198,2018-10-15,100.98,107.6,109.48,106.95,108.91,32068100
199,2018-10-16,104.17,111.0,111.41,108.95,109.54,31610200
200,2018-10-17,103.9,110.71,111.81,109.55,111.68,26548200
201,2018-10-18,101.83,108.5,110.53,107.83,110.1,32506200
202,2018-10-19,101.98,108.66,110.86,108.21,108.93,32785500
203,2018-10-22,102.89,109.63,110.54,108.24,109.32,26545600
204,2018-10-23,101.45,108.1,108.97,105.11,107.77,43770400
205,2018-10-24,96.03,102.32,108.49,101.59,108.41,63897800
206,2018-10-25,101.64,108.3,109.27,106.15,106.55,61646800
207,2018-10-26,100.38,106.96,108.75,104.76,105.69,55523100
208,2018-10-29,97.46,103.85,108.7,101.63,108.11,55162000
209,2018-10-30,97.35,103.73,104.38,100.11,103.66,65350900
210,2018-10-31,100.24,106.81,108.14,105.39,105.44,51062400
211,2018-11-01,99.41,105.92,107.32,105.53,107.05,33384200
212,2018-11-02,99.63,106.16,107.32,104.98,106.48,37680200
213,2018-11-05,100.9,107.51,107.74,105.9,106.37,27922100
214,2018-11-06,101.09,107.72,108.84,106.28,107.38,24340200
215,2018-11-07,105.07,111.96,112.24,109.4,109.44,37901700
216,2018-11-08,104.88,111.75,112.21,110.91,111.8,25644100
217,2018-11-09,102.83,109.57,111.45,108.76,110.85,32039200
218,2018-11-12,100.3,106.87,109.96,106.1,109.42,33621800
219,2018-11-13,100.36,106.94,108.74,106.64,107.55,35374600
220,2018-11-14,98.94,104.97,108.26,104.47,108.1,39495100
221,2018-11-15,101.12,107.28,107.8,103.91,104.99,38505200
222,2018-11-16,102.07,108.29,108.88,106.8,107.08,33502100
223,2018-11-19,98.61,104.62,108.56,103.55,108.27,44773900
224,2018-11-20,95.87,101.71,102.97,99.35,101.8,64052500
225,2018-11-21,97.19,103.11,104.43,102.24,103.6,28130600
226,2018-11-23,97.15,103.07,103.81,102.0,102.17,13823100
227,2018-11-26,100.35,106.47,106.63,104.58,104.79,32336200
228,2018-11-27,100.98,107.14,107.33,105.36,106.27,29124500
229,2018-11-28,104.74,111.12,111.33,107.86,107.89,46788500
230,2018-11-29,103.86,110.19,111.12,109.03,110.33,28123200
231,2018-11-30,104.52,110.89,110.97,109.36,110.7,33665600
232,2018-12-03,105.65,112.09,113.42,110.73,113.0,34732800
233,2018-12-04,102.29,108.52,112.64,108.21,111.94,45197000
234,2018-12-06,102.92,109.19,109.24,105.0,105.82,49107400
235,2018-12-07,98.8,104.82,109.45,104.3,108.38,45044900
236,2018-12-10,101.41,107.59,107.98,103.89,104.8,40801500
237,2018-12-11,102.35,108.59,110.95,107.44,109.8,42381900
238,2018-12-12,102.81,109.08,111.27,109.04,110.89,36183000
239,2018-12-13,103.16,109.45,110.87,108.63,109.58,31333400
240,2018-12-14,99.94,106.03,109.26,105.5,108.25,47043100
241,2018-12-17,96.98,102.89,105.8,101.71,105.41,56957300
242,2018-12-18,98.0,103.97,104.51,102.52,103.75,49319200
243,2018-12-19,97.73,103.69,106.88,101.35,103.65,68198200
244,2018-12-20,95.68,101.51,104.31,98.78,103.05,70334200
245,2018-12-21,92.59,98.23,103.0,97.46,101.63,111242100
246,2018-12-24,88.72,94.13,97.97,93.98,97.68,43935200
247,2018-12-26,94.78,100.56,100.69,93.96,95.14,51634800
248,2018-12-27,95.37,101.18,101.19,96.4,99.3,49498500
249,2018-12-28,94.62,100.39,102.41,99.52,102.09,38196300
250,2018-12-31,95.73,101.57,102.4,100.44,101.29,33173800
251,2019-01-02,95.31,101.12,101.75,98.94,99.55,35329300
252,2019-01-03,91.8,97.4,100.19,97.2,100.1,42579100
253,2019-01-04,96.07,101.93,102.51,98.93,99.72,44060600
254,2019-01-07,96.2,102.06,103.27,100.98,101.64,35656100
255,2019-01-08,96.89,102.8,103.97,101.71,103.04,31514400
256,2019-01-09,98.28,104.27,104.88,103.24,103.86,32280800
257,2019-01-10,97.65,103.6,103.75,102.38,103.22,30067600
258,2019-01-11,96.89,102.8,103.44,101.64,103.19,28314200
259,2019-01-14,96.19,102.05,102.87,101.26,101.9,28437100
260,2019-01-15,98.98,105.01,105.05,101.88,102.51,31587600
261,2019-01-16,99.33,105.38,106.26,104.96,105.26,29853900
262,2019-01-17,100.02,106.12,106.63,104.76,105.0,28393000
263,2019-01-18,101.52,107.71,107.9,105.91,107.46,37427600
264,2019-01-22,99.61,105.68,107.1,104.86,106.75,32371300
265,2019-01-23,100.58,106.71,107.04,105.34,106.12,25874300
266,2019-01-24,100.1,106.2,107.0,105.34,106.86,23164800
267,2019-01-25,101.01,107.17,107.88,106.2,107.24,31225600
268,2019-01-28,99.04,105.08,106.48,104.66,106.26,29476700
269,2019-01-29,97.03,102.94,104.97,102.17,104.88,31490500
270,2019-01-30,100.27,106.38,106.38,104.33,104.62,49471900
271,2019-01-31,98.43,104.43,105.22,103.18,103.8,55636400
272,2019-02-01,96.88,102.78,104.1,102.35,103.78,35535700
273,2019-02-04,99.67,105.74,105.8,102.77,102.87,31315100
274,2019-02-05,101.06,107.22,107.27,105.96,106.06,27325400
275,2019-02-06,99.94,106.03,107.0,105.53,107.0,20609800
276,2019-02-07,99.22,105.27,105.59,104.29,105.19,29760700
277,2019-02-08,99.6,105.67,105.78,104.26,104.39,21461100
278,2019-02-11,99.2,105.25,106.58,104.97,106.2,18914100
279,2019-02-12,100.75,106.89,107.14,105.48,106.14,25056600
280,2019-02-13,100.67,106.81,107.78,106.71,107.5,18394900
281,2019-02-14,100.76,106.9,107.29,105.66,106.31,21784700
282,2019-02-15,102.0,108.22,108.3,107.36,107.91,26606900
283,2019-02-19,101.96,108.17,108.66,107.78,107.79,18038500
284,2019-02-20,101.43,107.15,107.94,106.29,107.86,21607700
285,2019-02-21,103.56,109.41,109.48,106.87,106.9,29063200
286,2019-02-22,105.04,110.97,111.2,109.82,110.05,27763200
287,2019-02-25,105.63,111.59,112.18,111.26,111.76,23750600
288,2019-02-26,106.36,112.36,113.24,111.17,111.26,21536700
289,2019-02-27,106.18,112.17,112.36,110.88,111.69,21487100
290,2019-02-28,106.04,112.03,112.88,111.73,112.04,29083900
291,2019-03-01,106.52,112.53,113.02,111.67,112.89,23501200
292,2019-03-04,106.26,112.26,113.25,110.8,113.02,26608000
293,2019-03-05,105.73,111.7,112.39,111.23,112.25,19538300
294,2019-03-06,105.78,111.75,112.66,111.43,111.87,17687000
295,2019-03-07,104.49,110.39,111.55,109.87,111.4,25339000
296,2019-03-08,104.61,110.51,110.71,108.8,109.16,22818400
297,2019-03-11,106.8,112.83,112.95,110.98,110.99,26491600
298,2019-03-12,107.55,113.62,113.99,112.65,112.82,26132700
299,2019-03-13,108.38,114.5,115.0,113.78,114.13,35513800
300,2019-03-14,108.47,114.59,115.2,114.33,114.54,30763400
301,2019-03-15,109.72,115.91,117.25,114.59,115.34,54681100
302,2019-03-18,111.29,117.57,117.61,116.05,116.17,31207600
303,2019-03-19,111.36,117.65,118.44,116.99,118.09,37588700
304,2019-03-20,111.24,117.52,118.75,116.71,117.39,28113300
305,2019-03-21,113.8,120.22,120.82,117.09,117.14,29854400
306,2019-03-22,110.8,117.05,119.59,117.04,119.5,33624500
307,2019-03-25,111.37,117.66,118.01,116.32,116.56,27067100
308,2019-03-26,111.61,117.91,118.71,116.85,118.62,26097700
309,2019-03-27,110.53,116.77,118.21,115.52,117.88,22733400
310,2019-03-28,110.68,116.93,117.58,116.13,117.44,18334800
311,2019-03-29,111.64,117.94,118.32,116.96,118.07,25399800
312,2019-04-01,112.66,119.02,119.11,118.1,118.95,22789100
313,2019-04-02,112.82,119.19,119.48,118.52,119.06,18142300
314,2019-04-03,113.56,119.97,120.43,119.15,119.86,22860700
315,2019-04-04,112.98,119.36,120.23,118.38,120.1,20112800
316,2019-04-05,113.48,119.89,120.23,119.37,119.39,15826200
317,2019-04-08,113.52,119.93,120.02,118.64,119.81,15116200
318,2019-04-09,112.91,119.28,119.54,118.58,118.63,17612000
319,2019-04-10,113.77,120.19,120.35,119.54,119.76,16477200
320,2019-04-11,113.9,120.33,120.85,119.92,120.54,14209100
321,2019-04-12,114.49,120.95,120.98,120.37,120.64,19745100
322,2019-04-15,114.58,121.05,121.58,120.57,120.94,15792600
323,2019-04-16,114.32,120.77,121.65,120.1,121.64,14071800
324,2019-04-17,115.26,121.77,121.85,120.54,121.24,19300900
325,2019-04-18,116.78,123.37,123.52,121.3,122.19,27991000
326,2019-04-22,117.15,123.76,124.0,122.57,122.62,15648700
327,2019-04-23,118.74,125.44,125.58,123.83,124.1,24025500
328,2019-04-24,118.33,125.01,125.85,124.52,125.79,31257000
329,2019-04-25,122.25,129.15,131.37,128.83,130.06,38033900
330,2019-04-26,122.95,129.89,130.52,129.02,129.7,23654900
331,2019-04-29,122.84,129.77,130.18,129.35,129.9,16324200
332,2019-04-30,123.62,130.6,130.7,129.39,129.81,24166500
333,2019-05-01,121.05,127.88,130.65,127.7,130.53,26821700
334,2019-05-02,119.47,126.21,128.0,125.52,127.98,27350200
335,2019-05-03,122.01,128.9,129.43,127.25,127.36,24911100
336,2019-05-06,121.3,128.15,128.56,126.11,126.39,24239800
337,2019-05-07,118.81,125.52,127.18,124.22,126.46,36017700
338,2019-05-08,118.8,125.51,126.37,124.75,125.44,28419000
339,2019-05-09,118.8,125.5,125.79,123.57,124.29,27235800
340,2019-05-10,120.34,127.13,127.93,123.82,124.91,30915100
341,2019-05-13,116.76,123.35,125.55,123.04,124.11,33944900
342,2019-05-14,118.07,124.73,125.88,123.7,123.87,25266300
343,2019-05-15,119.73,126.02,126.71,123.7,124.26,24722700
344,2019-05-16,122.49,128.93,129.38,126.46,126.75,30112200
345,2019-05-17,121.68,128.07,130.46,127.92,128.31,25770500
346,2019-05-20,119.92,126.22,127.59,125.76,126.52,23706900
347,2019-05-21,120.56,126.9,127.53,126.58,127.43,15293300
348,2019-05-22,121.3,127.67,128.24,126.52,126.62,15396500
349,2019-05-23,119.88,126.18,126.29,124.74,126.2,23603800
350,2019-05-24,119.94,126.24,127.42,125.97,126.91,14123400
351,2019-05-28,119.86,126.16,128.0,126.05,126.98,23128400
352,2019-05-29,118.7,124.94,125.39,124.04,125.38,22763100
353,2019-05-30,119.45,125.73,125.76,124.78,125.26,16829600
354,2019-05-31,117.51,123.68,124.62,123.32,124.23,26646800
355,2019-06-03,113.86,119.84,124.37,119.01,123.85,37983600
356,2019-06-04,117.01,123.16,123.28,120.65,121.28,29382600
357,2019-06-05,119.55,125.83,125.87,124.21,124.95,24926100
358,2019-06-06,121.44,127.82,127.97,125.6,126.44,21459000
359,2019-06-07,124.84,131.4,132.25,128.26,129.19,33885600
360,2019-06-10,125.98,132.6,134.08,132.0,132.4,26477100
361,2019-06-11,125.51,132.1,134.24,131.28,133.88,23913700
362,2019-06-12,124.93,131.49,131.97,130.71,131.4,17092500
363,2019-06-13,125.71,132.32,133.0,131.56,131.98,17200800
364,2019-06-14,125.84,132.45,133.79,131.64,132.26,17821700
365,2019-06-17,126.22,132.85,133.73,132.53,132.63,14517800
366,2019-06-18,128.41,135.16,135.24,133.57,134.19,25934500
367,2019-06-19,128.92,135.69,135.93,133.81,135.0,23744400
368,2019-06-20,130.11,136.95,137.66,135.72,137.45,33042600
369,2019-06-21,130.13,136.97,137.73,136.46,136.58,36727900
370,2019-06-24,130.9,137.78,138.4,137.0,137.0,20628800
371,2019-06-25,126.77,133.43,137.59,132.73,137.25,33327400
372,2019-06-26,127.24,133.93,135.74,133.6,134.35,23657700
373,2019-06-27,127.45,134.15,134.71,133.51,134.14,16557500
374,2019-06-28,127.27,133.96,134.6,133.16,134.57,30043000
375,2019-07-01,128.91,135.68,136.7,134.97,136.63,22613500
376,2019-07-02,129.76,136.58,136.59,135.34,136.12,15237800
377,2019-07-03,130.6,137.46,137.74,136.29,136.8,13629300
378,2019-07-05,130.22,137.06,137.33,135.72,135.94,18141100
379,2019-07-08,130.12,136.96,137.1,135.37,136.4,16779700
380,2019-07-09,129.65,136.46,136.97,135.8,136.0,19953100
381,2019-07-10,130.97,137.85,138.58,137.02,137.13,24204400
382,2019-07-11,131.49,138.4,139.22,137.87,138.2,22327900
383,2019-07-12,131.97,138.9,139.13,138.01,138.85,18936800
384,2019-07-15,131.97,138.9,139.54,138.46,139.44,16651500
385,2019-07-16,130.24,137.08,139.05,136.52,138.96,22726100
386,2019-07-17,129.47,136.27,137.93,136.22,137.7,20211000
387,2019-07-18,129.61,136.42,136.62,134.67,135.55,30381800
388,2019-07-19,129.8,136.62,140.67,136.45,140.22,48992400
389,2019-07-22,131.52,138.43,139.19,137.33,137.41,25074900
390,2019-07-23,132.34,139.29,139.99,138.03,139.76,18034600
391,2019-07-24,133.69,140.72,140.74,138.85,138.9,20738300
392,2019-07-25,133.19,140.19,140.61,139.32,140.43,18356900
393,2019-07-26,134.28,141.34,141.68,140.3,140.37,19037600
394,2019-07-29,133.99,141.03,141.51,139.37,141.5,16605900
395,2019-07-30,133.34,140.35,141.22,139.8,140.14,16846500
396,2019-07-31,129.47,136.27,140.49,135.08,140.33,38598800
397,2019-08-01,131.17,138.06,140.94,136.93,137.0,40557500
398,2019-08-02,130.07,136.9,138.32,135.26,138.09,30791600
399,2019-08-05,125.61,132.21,133.93,130.78,133.3,42749600
400,2019-08-06,127.97,134.69,135.68,133.21,133.8,32696700
401,2019-08-07,128.53,135.28,135.65,131.83,133.79,33414500
402,2019-08-08,131.96,138.89,138.99,135.93,136.6,27496500
403,2019-08-09,130.84,137.71,139.38,136.46,138.61,23466700
404,2019-08-12,129.01,135.79,137.86,135.24,137.07,20484300
405,2019-08-13,131.68,138.6,138.8,135.0,136.05,25154600
406,2019-08-14,127.72,133.98,136.92,133.67,136.36,32527300
407,2019-08-15,127.43,133.68,134.58,132.25,134.39,28074400
408,2019-08-16,129.76,136.13,136.46,134.72,134.88,24449100
409,2019-08-19,131.94,138.41,138.55,136.89,137.85,24355700
410,2019-08-20,130.84,137.26,138.71,137.24,138.21,21170800
411,2019-08-21,132.3,138.79,139.49,138.0,138.55,14970300
412,2019-08-22,131.34,137.78,139.2,136.29,138.66,18697000
413,2019-08-23,127.15,133.39,138.35,132.8,137.19,38508600
414,2019-08-26,129.12,135.45,135.56,133.9,134.99,20312600
415,2019-08-27,129.39,135.74,136.72,134.66,136.39,23102100
416,2019-08-28,129.22,135.56,135.76,133.55,134.88,17393300
417,2019-08-29,131.66,138.12,138.44,136.91,137.25,20168700
418,2019-08-30,131.41,137.86,139.18,136.27,139.15,23940100
419,2019-09-03,129.68,136.04,137.2,135.7,136.61,18869300
420,2019-09-04,131.19,137.63,137.69,136.48,137.3,17995900
421,2019-09-05,133.5,140.05,140.38,138.76,139.11,26101800
422,2019-09-06,132.6,139.1,140.18,138.2,140.03,20824500
423,2019-09-09,131.09,137.52,139.75,136.46,139.59,25773900
424,2019-09-10,129.72,136.08,136.89,134.51,136.8,28903400
425,2019-09-11,129.76,136.12,136.27,135.09,135.91,24726100
426,2019-09-12,131.09,137.52,138.42,136.87,137.85,27010000
427,2019-09-13,130.9,137.32,138.06,136.57,137.78,23363100
428,2019-09-16,129.96,136.33,136.7,135.66,135.83,16731400
429,2019-09-17,130.97,137.39,137.52,136.43,136.96,17814200
430,2019-09-18,132.04,138.52,138.67,136.53,137.36,23982100
431,2019-09-19,134.47,141.07,142.37,140.07,140.3,35772100
432,2019-09-20,132.92,139.44,141.65,138.25,141.01,39167300
433,2019-09-23,132.63,139.14,139.63,138.44,139.23,17139300
434,2019-09-24,130.96,137.38,140.69,136.88,140.36,29773200
435,2019-09-25,132.84,139.36,139.96,136.03,137.5,21382000
436,2019-09-26,133.02,139.54,140.18,138.44,139.44,17456600
437,2019-09-27,131.29,137.73,140.36,136.65,140.15,22477700
438,2019-09-30,132.53,139.03,139.22,137.78,138.05,17280900
439,2019-10-01,130.66,137.07,140.25,137.0,139.66,21466600
440,2019-10-02,128.35,134.65,136.37,133.58,136.25,30521700
441,2019-10-03,129.91,136.28,136.75,133.22,134.95,24132900
442,2019-10-04,131.66,138.12,138.25,136.42,136.75,22897700
443,2019-10-07,130.71,137.12,138.18,137.02,137.14,15303700
444,2019-10-08,129.33,135.67,137.76,135.62,137.08,25550500
445,2019-10-09,131.78,138.24,138.7,136.97,137.46,19749900
446,2019-10-10,132.6,139.1,139.67,138.25,138.49,17654600
447,2019-10-11,133.15,139.68,141.03,139.5,140.12,25446000
448,2019-10-14,133.02,139.55,140.29,139.52,139.69,13304300
449,2019-10-15,134.95,141.57,141.79,139.81,140.06,19695700
450,2019-10-16,133.84,140.41,140.99,139.53,140.79,20751600
451,2019-10-17,133.16,139.69,141.42,139.02,140.95,21460600
452,2019-10-18,130.98,137.41,140.0,136.56,139.76,32273500
453,2019-10-21,131.96,138.43,138.5,137.01,138.45,20078200
454,2019-10-22,129.99,136.37,140.01,136.26,138.97,27431000
455,2019-10-23,130.82,137.24,137.45,135.61,136.88,29844600
456,2019-10-24,133.4,139.94,140.42,138.67,139.39,37029300
457,2019-10-25,134.15,140.73,141.14,139.2,139.34,25959700
458,2019-10-28,137.45,144.19,145.67,143.51,144.4,35280100
459,2019-10-29,136.15,142.83,144.5,142.65,144.08,20589500
460,2019-10-30,137.85,144.61,145.0,142.79,143.52,18496600
461,2019-10-31,136.67,143.37,144.93,142.99,144.9,24605100
462,2019-11-01,137.0,143.72,144.42,142.97,144.26,33128400
463,2019-11-04,137.79,144.55,145.0,144.16,144.83,16912000
464,2019-11-05,137.71,144.46,145.02,143.91,144.97,18250200
465,2019-11-06,137.32,144.06,144.52,143.2,144.37,16575800
466,2019-11-07,137.51,144.26,144.88,143.77,143.84,17786700
467,2019-11-08,139.14,145.96,145.99,143.76,143.98,16732700
468,2019-11-11,139.28,146.11,146.42,144.73,145.34,14362600
469,2019-11-12,140.19,147.07,147.57,146.06,146.28,18641600
470,2019-11-13,140.42,147.31,147.46,146.28,146.74,16919200
471,2019-11-14,141.14,148.06,148.41,147.0,147.02,19729800
472,2019-11-15,142.96,149.97,149.99,148.27,148.93,23485700
473,2019-11-18,143.31,150.34,150.55,148.98,150.07,21534000
474,2019-11-19,143.36,150.39,151.33,150.2,150.88,23935700
475,2019-11-20,143.11,149.62,150.84,148.46,150.31,25696800
476,2019-11-21,142.98,149.48,149.8,148.5,149.4,18576100
477,2019-11-22,143.08,149.59,150.3,148.82,150.07,15901800
478,2019-11-25,144.65,151.23,151.35,149.92,150.0,22420900
479,2019-11-26,145.41,152.03,152.42,151.32,151.36,24620100
480,2019-11-27,145.69,152.32,152.5,151.52,152.33,15184400
481,2019-11-29,144.79,151.38,152.3,151.28,152.1,11977300
482,2019-12-02,143.04,149.55,151.83,148.32,151.81,27418400
483,2019-12-03,142.81,149.31,149.43,146.65,147.49,24066000
484,2019-12-04,143.33,149.85,150.18,149.2,150.14,17574700
485,2019-12-05,143.41,149.93,150.32,149.48,150.05,17869100
486,2019-12-06,145.15,151.75,151.87,150.27,150.99,16403500
487,2019-12-09,144.77,151.36,152.21,150.91,151.07,16687400
488,2019-12-10,144.55,151.13,151.89,150.76,151.29,16476100
489,2019-12-11,145.1,151.7,151.87,150.33,151.54,18856600
490,2019-12-12,146.57,153.24,153.44,151.02,151.65,24612100
491,2019-12-13,147.81,154.53,154.89,152.83,153.0,23845400
492,2019-12-16,148.76,155.53,155.9,154.82,155.11,24144200
493,2019-12-17,147.96,154.69,155.71,154.45,155.45,25425600
494,2019-12-18,147.65,154.37,155.48,154.18,154.3,24129200
495,2019-12-19,148.93,155.71,155.77,153.75,154.0,24958900
496,2019-12-20,150.56,157.41,158.49,156.29,157.35,53477500
497,2019-12-23,150.56,157.41,158.12,157.27,158.12,17718200
498,2019-12-24,150.53,157.38,157.71,157.12,157.48,8989200
499,2019-12-26,151.77,158.67,158.73,157.4,157.56,14520600
500,2019-12-27,152.04,158.96,159.55,158.22,159.45,18412800
501,2019-12-30,150.73,157.59,159.02,156.73,158.99,16348400
502,2019-12-31,150.84,157.7,157.77,156.45,156.77,18369400
503,2020-01-02,153.63,160.62,160.73,158.33,158.78,22622100
504,2020-01-03,151.72,158.62,159.95,158.06,158.32,21116200
505,2020-01-06,152.11,159.03,159.1,156.51,157.08,20813700
506,2020-01-07,150.72,157.58,159.67,157.32,159.32,21634100
507,2020-01-08,153.12,160.09,160.8,157.95,158.93,27746500
508,2020-01-09,155.04,162.09,162.22,161.03,161.84,21385000
509,2020-01-10,154.32,161.34,163.22,161.18,162.82,20725900
510,2020-01-13,156.17,163.28,163.31,161.26,161.76,21626500
511,2020-01-14,155.07,162.13,163.6,161.72,163.39,23477400
512,2020-01-15,156.08,163.18,163.94,162.57,162.62,21417900
513,2020-01-16,158.94,166.17,166.24,164.03,164.35,23865400
514,2020-01-17,159.83,167.1,167.47,165.43,167.42,34371700
515,2020-01-21,159.25,166.5,168.19,166.43,166.68,29517200
516,2020-01-22,158.49,165.7,167.49,165.68,167.4,24138800
517,2020-01-23,159.47,166.72,166.8,165.27,166.19,19680800
518,2020-01-24,157.86,165.04,167.53,164.45,167.51,24918100
519,2020-01-27,155.22,162.28,163.38,160.2,161.15,32078100
520,2020-01-28,158.26,165.46,165.76,163.07,163.78,24899900
521,2020-01-29,160.73,168.04,168.75,165.69,167.84,34754500
522,2020-01-30,165.26,172.78,174.05,170.79,174.05,51597500
523,2020-01-31,162.82,170.23,172.4,169.58,172.21,36142700
524,2020-02-03,166.79,174.38,174.5,170.4,170.43,30107000
525,2020-02-04,172.28,180.12,180.64,176.31,177.14,36433300
526,2020-02-05,172.07,179.9,184.2,178.41,184.03,39186300
527,2020-02-06,175.64,183.63,183.82,180.06,180.97,27751400
528,2020-02-07,175.89,183.89,185.63,182.48,182.85,33529100
529,2020-02-10,180.49,188.7,188.84,183.25,183.58,35844300
530,2020-02-11,176.41,184.44,190.7,183.5,190.65,53159900
531,2020-02-12,176.67,184.71,185.85,181.85,185.58,47062900
532,2020-02-13,175.72,183.71,186.23,182.87,183.08,35295800
533,2020-02-14,177.28,185.35,185.41,182.65,183.25,23149500
534,2020-02-18,179.08,187.23,187.7,185.5,185.61,27792200
535,2020-02-19,179.62,187.28,188.18,186.47,188.06,29997500
536,2020-02-20,176.88,184.42,187.25,181.1,186.95,36862400
537,2020-02-21,171.29,178.59,183.5,177.25,183.17,48572600
538,2020-02-24,163.9,170.89,174.55,163.23,167.77,68311100
539,2020-02-25,161.2,168.07,174.84,167.65,174.2,68073300
540,2020-02-26,163.21,170.17,173.26,168.21,169.71,56206100
541,2020-02-27,151.71,158.18,167.03,157.98,163.32,93174900
542,2020-02-28,155.38,162.01,163.71,152.0,152.41,97012700
543,2020-03-02,165.72,172.79,172.92,162.31,165.31,71030800
544,2020-03-03,157.78,164.51,175.0,162.26,173.8,71677000
545,2020-03-04,163.57,170.55,170.7,165.62,168.49,49814400
546,2020-03-05,159.47,166.27,170.87,165.69,166.05,47817300
547,2020-03-06,154.96,161.57,163.11,156.0,162.61,72821100
548,2020-03-09,144.46,150.62,157.75,150.0,151.0,70419300
549,2020-03-10,154.34,160.92,161.03,152.58,158.16,65354400
550,2020-03-11,147.35,153.63,157.7,151.15,157.13,56371600
551,2020-03-12,133.37,139.06,153.47,138.58,145.3,93226400
552,2020-03-13,152.33,158.83,161.91,140.73,147.5,92727400
553,2020-03-16,129.88,135.42,149.35,135.0,140.0,87905900
554,2020-03-17,140.58,146.57,147.5,135.0,140.0,81059800
555,2020-03-18,134.66,140.4,146.0,135.02,138.0,81593200
556,2020-03-19,136.87,142.71,150.15,139.0,142.77,85922700
557,2020-03-20,131.73,137.35,147.1,135.86,146.0,84866200
558,2020-03-23,130.42,135.98,140.57,132.52,137.01,78975200
559,2020-03-24,142.27,148.34,149.6,141.27,143.75,82516700
560,2020-03-25,140.91,146.92,154.33,144.44,148.91,75638200
561,2020-03-26,149.72,156.11,156.66,148.37,148.4,64568100
562,2020-03-27,143.58,149.7,154.89,149.2,151.75,57042300
563,2020-03-30,153.68,160.23,160.6,150.01,152.44,63420300
564,2020-03-31,151.26,157.71,164.78,156.56,159.4,77927200
565,2020-04-01,145.89,152.11,157.75,150.82,153.0,57969900
566,2020-04-02,148.91,155.26,155.48,150.36,151.86,49630700
567,2020-04-03,147.54,153.83,157.38,152.19,155.1,41243300
568,2020-04-06,158.51,165.27,166.5,157.58,160.32,67111700
569,2020-04-07,156.8,163.49,170.0,163.26,169.59,62769000
570,2020-04-08,158.38,165.13,166.67,163.5,165.67,48318200
571,2020-04-09,158.39,165.14,167.37,163.33,166.36,51385100
572,2020-04-13,158.74,165.51,165.57,162.3,164.35,41905300
573,2020-04-14,166.6,173.7,173.75,168.0,169.0,52874300
574,2020-04-15,164.85,171.88,173.57,169.24,171.2,40940800
575,2020-04-16,169.8,177.04,177.28,172.9,174.3,50479600
576,2020-04-17,171.29,178.6,180.0,175.87,179.5,52765600
577,2020-04-20,167.9,175.06,178.75,174.99,176.63,36669600
578,2020-04-21,160.96,167.82,173.67,166.11,173.5,56203700
579,2020-04-22,166.42,173.52,174.0,170.82,171.39,34620200
580,2020-04-23,164.41,171.42,175.06,170.91,174.11,32790800
581,2020-04-24,167.41,174.55,174.56,170.71,172.06,34277600
582,2020-04-27,166.93,174.05,176.9,173.3,176.59,33194400
583,2020-04-28,162.86,169.81,175.67,169.39,175.59,34392700
584,2020-04-29,170.17,177.43,177.68,171.88,173.22,51286600
585,2020-04-30,171.88,179.21,180.4,176.23,180.0,53875900
586,2020-05-01,167.43,174.57,178.64,174.01,175.8,39370500
587,2020-05-04,171.53,178.84,179.0,173.8,174.49,30372900
588,2020-05-05,173.37,180.76,183.65,179.9,180.62,36839200
589,2020-05-06,175.07,182.54,184.2,181.63,182.08,32139300
590,2020-05-07,176.09,183.6,184.55,182.58,184.17,28316000
591,2020-05-08,177.13,184.68,185.0,183.36,184.98,30877800
592,2020-05-11,179.1,186.74,187.51,182.85,183.15,30892700
593,2020-05-12,175.04,182.51,187.04,182.3,186.8,32038200
594,2020-05-13,172.4,179.75,184.05,176.54,182.55,44711500
595,2020-05-14,173.15,180.53,180.69,175.68,177.54,41873900
596,2020-05-15,175.67,183.16,187.06,177.0,179.06,46610400
597,2020-05-18,177.35,184.91,186.2,183.96,185.75,35264500
598,2020-05-19,176.12,183.63,186.6,183.49,185.03,26799100
599,2020-05-20,178.56,185.66,185.85,183.94,184.81,31261300
600,2020-05-21,176.42,183.43,186.67,183.29,185.4,29119500
601,2020-05-22,176.49,183.51,184.46,182.54,183.19,20826900
602,2020-05-26,174.63,181.57,186.5,181.1,186.34,36073600
603,2020-05-27,174.86,181.81,181.99,176.6,180.2,39517100
604,2020-05-28,174.46,181.4,184.15,180.38,180.74,33810200
605,2020-05-29,176.24,183.25,184.27,180.41,182.73,42130400
606,2020-06-01,175.84,182.83,183.0,181.46,182.54,22622400
607,2020-06-02,177.84,184.91,185.0,181.35,184.25,30794600
608,2020-06-03,178.27,185.36,185.94,183.58,184.82,27311000
609,2020-06-04,175.93,182.92,185.84,182.3,184.3,28761800
610,2020-06-05,180.04,187.2,187.73,182.01,182.62,39893600
611,2020-06-08,181.16,188.36,188.55,184.44,185.94,33211600
612,2020-06-09,182.54,189.8,190.7,187.26,188.0,29783900
613,2020-06-10,189.31,196.84,198.52,191.01,191.13,43872300
614,2020-06-11,179.15,186.27,195.76,186.07,193.13,52854700
615,2020-06-12,180.56,187.74,191.72,185.18,190.54,43373600
616,2020-06-15,181.72,188.94,190.82,184.01,184.58,32770200
617,2020-06-16,186.17,193.57,195.58,191.46,192.89,42556700
618,2020-06-17,186.81,194.24,196.32,193.69,195.03,25687800
619,2020-06-18,188.81,196.32,196.49,194.0,194.0,23061600
620,2020-06-19,187.69,195.15,199.29,194.37,198.59,44441100
621,2020-06-22,192.9,200.57,200.76,195.23,195.79,32818900
622,2020-06-23,194.19,201.91,203.95,201.43,202.09,30917400
623,2020-06-24,190.28,197.84,203.25,196.56,201.6,36740600
624,2020-06-25,192.68,200.34,200.61,195.47,197.8,27803900
625,2020-06-26,188.82,196.33,199.89,194.88,199.73,54675800
626,2020-06-29,190.85,198.44,198.53,193.55,195.78,26701600
627,2020-06-30,195.73,203.51,204.4,197.74,197.88,34310300
628,2020-07-01,196.87,204.7,206.35,201.77,203.14,32061200
629,2020-07-02,198.37,206.26,208.02,205.0,205.68,29315800
630,2020-07-06,202.64,210.7,211.13,208.09,208.83,31897600
631,2020-07-07,200.29,208.25,214.67,207.99,210.45,33600700
632,2020-07-08,204.69,212.83,213.26,208.69,210.07,33600000
633,2020-07-09,206.13,214.32,216.38,211.47,216.33,33121700
634,2020-07-10,205.5,213.67,214.08,211.08,213.62,26177600
635,2020-07-13,199.15,207.07,215.8,206.5,214.48,38135600
636,2020-07-14,200.38,208.35,208.85,202.03,206.13,37591800
637,2020-07-15,200.09,208.04,211.33,205.03,209.56,32179400
638,2020-07-16,196.12,203.92,205.7,202.31,205.4,29940700
639,2020-07-17,195.12,202.88,205.04,201.39,204.47,31635300
640,2020-07-20,203.51,211.6,212.3,203.01,205.0,36884800
641,2020-07-21,200.77,208.75,213.94,208.03,213.66,37990400
642,2020-07-22,203.65,211.75,212.3,208.39,209.2,49605700
643,2020-07-23,194.8,202.54,210.92,202.15,207.19,67457000
644,2020-07-24,193.6,201.3,202.86,197.51,200.42,39827000
645,2020-07-27,196.06,203.85,203.97,200.86,201.47,30160900
646,2020-07-28,194.3,202.02,204.7,201.74,203.61,23251400
647,2020-07-29,196.26,204.06,204.65,202.01,202.5,19632600
648,2020-07-30,196.1,203.9,204.46,199.57,201.0,25079600
649,2020-07-31,197.17,205.01,205.1,199.01,204.4,51044000
650,2020-08-03,208.26,216.54,217.64,210.44,211.52,78983000
651,2020-08-04,205.14,213.29,214.77,210.31,214.17,49280100
652,2020-08-05,204.8,212.94,215.0,211.57,214.9,28806400
653,2020-08-06,208.08,216.35,216.37,211.55,212.34,32656800
654,2020-08-07,204.36,212.48,215.7,210.93,214.85,27820400
655,2020-08-10,200.29,208.25,211.88,206.35,211.67,36716500
656,2020-08-11,195.6,203.38,207.65,203.14,207.16,36446500
657,2020-08-12,201.19,209.19,210.28,204.75,205.29,28013100
658,2020-08-13,200.72,208.7,211.35,208.15,209.44,22588900
659,2020-08-14,200.91,208.9,209.59,207.51,208.76,17958900
660,2020-08-17,202.24,210.28,211.19,208.92,209.6,20184800
661,2020-08-18,203.4,211.49,212.36,209.21,210.53,21336200
662,2020-08-19,202.17,209.7,212.1,209.25,211.49,27627600
663,2020-08-20,206.88,214.58,215.0,208.91,209.54,26981500
664,2020-08-21,205.37,213.02,216.25,212.85,213.86,36249300
665,2020-08-24,206.02,213.69,215.52,212.43,214.79,25460100
666,2020-08-25,208.7,216.47,216.61,213.1,213.1,23043700
667,2020-08-26,213.21,221.15,222.09,217.36,217.88,39600800
668,2020-08-27,218.44,226.58,231.15,219.4,222.89,57602200
669,2020-08-28,220.69,228.91,230.64,226.58,228.18,26292900
670,2020-08-31,217.43,225.53,228.7,224.31,227.0,28774200
671,2020-09-01,219.11,227.27,227.45,224.43,225.51,25725500
672,2020-09-02,223.33,231.65,232.86,227.35,227.97,34080800
673,2020-09-03,209.5,217.3,229.31,214.96,229.27,58400300
674,2020-09-04,206.56,214.25,218.36,205.19,215.1,59664100
675,2020-09-08,195.38,202.66,210.03,202.2,206.5,52924300
676,2020-09-09,203.7,211.29,214.84,206.7,207.6,45679000
677,2020-09-10,198.0,205.37,214.74,204.11,213.4,35461500
678,2020-09-11,196.7,204.03,208.63,201.24,207.2,33620100
679,2020-09-14,198.03,205.41,209.2,204.03,204.24,30375800
680,2020-09-15,201.28,208.78,209.78,206.93,208.42,21823900
681,2020-09-16,197.69,205.05,210.65,204.64,210.62,26328100
682,2020-09-17,195.62,202.91,204.33,199.96,200.05,34011300
683,2020-09-18,193.19,200.39,203.65,196.25,202.8,55225300
684,2020-09-21,195.27,202.54,202.71,196.38,197.19,39839700
685,2020-09-22,199.97,207.42,208.1,202.08,205.06,33517100
686,2020-09-23,193.39,200.59,208.1,200.03,207.9,30803800
687,2020-09-24,195.89,203.19,205.57,199.2,199.85,31202500
688,2020-09-25,200.36,207.82,209.04,202.54,203.55,29437300
689,2020-09-28,201.92,209.44,212.57,208.06,210.88,32004900
690,2020-09-29,199.82,207.26,210.07,206.81,209.35,24221900
691,2020-09-30,202.78,210.33,211.98,206.54,207.73,33829100
692,2020-10-01,204.83,212.46,213.99,211.32,213.49,27158400
693,2020-10-02,198.79,206.19,210.99,205.54,208.0,33154800
694,2020-10-05,202.83,210.38,210.41,206.98,207.22,21331600
695,2020-10-06,198.52,205.91,210.18,204.82,208.82,28554300
696,2020-10-07,202.3,209.83,210.11,206.72,207.06,25681100
697,2020-10-08,203.02,210.58,211.19,208.32,210.51,19925800
698,2020-10-09,208.06,215.81,215.86,211.23,211.23,26458000
699,2020-10-12,213.45,221.4,223.86,216.81,218.79,40461400
700,2020-10-13,214.86,222.86,225.21,220.43,222.72,28950800
701,2020-10-14,212.93,220.86,224.22,219.13,223.0,23421700
702,2020-10-15,211.77,219.66,220.36,216.01,217.1,22733100
703,2020-10-16,211.77,219.66,222.29,219.32,220.15,26057900
704,2020-10-19,206.53,214.22,222.3,213.72,220.42,27625800
705,2020-10-20,206.94,214.65,217.37,213.09,215.8,22753500
706,2020-10-21,207.09,214.8,216.92,213.12,213.12,22724900
707,2020-10-22,207.17,214.89,216.06,211.7,213.93,22351500
708,2020-10-23,208.47,216.23,216.28,213.16,215.03,18879600
709,2020-10-26,202.54,210.08,216.34,208.1,213.85,37111600
710,2020-10-27,205.59,213.25,214.67,210.33,211.59,36700300
711,2020-10-28,195.4,202.68,208.84,202.1,207.67,51195600
712,2020-10-29,197.37,204.72,207.36,203.37,204.07,31432600
713,2020-10-30,195.2,202.47,204.29,199.62,203.5,36953700
714,2020-11-02,195.07,202.33,205.28,200.12,204.29,30842200
715,2020-11-03,199.02,206.43,208.12,203.12,203.89,27512000
716,2020-11-04,208.62,216.39,218.32,212.42,214.02,42311800
717,2020-11-05,215.27,223.29,224.12,221.15,222.04,36080100
718,2020-11-06,215.69,223.72,224.36,218.03,222.26,25231900
719,2020-11-09,210.55,218.39,228.12,217.88,224.44,44395000
720,2020-11-10,203.43,211.01,216.5,209.72,214.5,44045100
721,2020-11-11,208.77,216.55,218.04,212.2,212.39,29440800
722,2020-11-12,207.7,215.44,219.11,214.46,217.21,21593900
723,2020-11-13,208.74,216.51,217.42,214.16,216.36,18621100
724,2020-11-16,209.43,217.23,217.74,214.52,214.87,24953300
725,2020-11-17,206.76,214.46,217.68,214.08,216.1,24154100
726,2020-11-18,204.03,211.08,215.17,210.93,213.65,28372800
727,2020-11-19,205.33,212.42,213.03,209.93,211.38,24792700
728,2020-11-20,203.37,210.39,213.29,210.0,212.2,22843100
729,2020-11-23,203.1,210.11,212.29,208.16,210.95,25683500
730,2020-11-24,206.72,213.86,214.25,208.86,209.59,33979700
731,2020-11-25,206.73,213.87,215.29,212.46,215.11,21012900
732,2020-11-27,208.05,215.23,216.27,214.04,214.85,14512200
733,2020-11-30,206.92,214.07,214.76,210.84,214.1,33064800
734,2020-12-01,208.99,216.21,217.32,213.35,214.51,30904500
735,2020-12-02,208.18,215.37,215.47,212.8,214.88,23724500
736,2020-12-03,207.09,214.24,216.38,213.65,214.61,25120900
737,2020-12-04,207.2,214.36,215.38,213.18,214.22,24666000
738,2020-12-07,207.14,214.29,215.54,212.99,214.37,24620000
739,2020-12-08,208.8,216.01,216.95,212.89,213.97,23284100
740,2020-12-09,204.73,211.8,215.23,211.21,215.16,32440600
741,2020-12-10,203.49,210.52,213.08,210.36,211.77,26733300
742,2020-12-11,206.14,213.26,213.32,209.11,210.05,30979400
743,2020-12-14,207.05,214.2,216.21,212.88,213.1,28798400
744,2020-12-15,206.98,214.13,215.42,212.24,215.17,27000600
745,2020-12-16,211.96,219.28,220.11,214.72,214.75,35023300
746,2020-12-17,212.1,219.42,220.89,217.92,219.87,32515800
747,2020-12-18,211.29,218.59,219.69,216.02,218.59,63354900
748,2020-12-21,215.16,222.59,224.0,217.28,217.55,37181900
749,2020-12-22,216.46,223.94,225.63,221.85,222.69,22612200
750,2020-12-23,213.64,221.02,223.56,220.8,223.11,18699600
751,2020-12-24,215.31,222.75,223.61,221.2,221.42,10550600
752,2020-12-28,217.45,224.96,226.03,223.02,224.45,17933500
753,2020-12-29,216.67,224.15,227.18,223.58,226.31,17403200
754,2020-12-30,214.28,221.68,225.63,221.47,225.23,20272300
755,2020-12-31,215.0,222.42,223.0,219.68,221.7,20942100
756,2021-01-04,210.42,217.69,223.0,214.81,222.53,37130100
757,2021-01-05,210.63,217.9,218.52,215.7,217.26,23823000
758,2021-01-06,205.16,212.25,216.49,211.94,212.17,35930700
759,2021-01-07,211.0,218.29,219.34,213.71,214.04,27694500
760,2021-01-08,212.29,219.62,220.58,217.03,218.68,22956200
761,2021-01-11,210.23,217.49,218.91,216.73,218.47,23031300
762,2021-01-12,207.76,214.93,217.1,213.32,216.5,23249300
763,2021-01-13,209.12,216.34,216.76,213.93,214.02,20087100
764,2021-01-14,205.91,213.02,217.46,212.74,215.91,29480800
765,2021-01-15,205.55,212.65,214.51,212.03,213.52,31746500
766,2021-01-19,209.21,216.44,216.98,212.63,213.75,30480900
767,2021-01-20,216.85,224.34,225.79,217.29,217.7,37777300
768,2021-01-21,217.46,224.97,226.3,222.42,224.7,30709400
769,2021-01-22,218.41,225.95,230.07,225.8,227.08,30172700
770,2021-01-25,221.87,229.53,229.78,224.22,229.12,33152100
771,2021-01-26,224.57,232.33,234.18,230.08,231.86,49169600
772,2021-01-27,225.13,232.9,240.44,230.14,238.0,69870600
773,2021-01-28,230.95,238.93,242.64,235.09,235.61,49111200
774,2021-01-29,224.22,231.96,238.02,231.35,235.99,42503100
775,2021-02-01,231.65,239.65,242.5,232.43,235.06,33314200
776,2021-02-02,231.51,239.51,242.31,238.69,241.3,25916300
777,2021-02-03,234.89,243.0,245.09,239.26,239.57,27158100
778,2021-02-04,233.93,242.01,243.24,240.37,242.66,25296100
779,2021-02-05,234.11,242.2,243.28,240.42,242.23,18054800
780,2021-02-08,234.38,242.47,243.68,240.81,243.15,22211900
781,2021-02-09,235.63,243.77,244.76,241.38,241.87,23565000
782,2021-02-10,234.71,242.82,245.92,240.89,245.0,22186700
783,2021-02-11,236.33,244.49,245.15,242.15,244.78,15751100
784,2021-02-12,236.81,244.99,245.3,242.73,243.93,16561100
785,2021-02-16,235.56,243.7,246.13,242.92,245.03,26728500
786,2021-02-17,236.59,244.2,244.31,240.94,241.32,21653500
787,2021-02-18,236.19,243.79,243.93,240.86,241.8,16925600
788,2021-02-19,233.46,240.97,243.86,240.18,243.75,25262600
789,2021-02-22,227.2,234.51,237.93,232.4,237.42,36446900
790,2021-02-23,226.0,233.27,234.83,228.73,230.33,30228700
791,2021-02-24,227.24,234.55,235.2,229.0,230.01,26339700
792,2021-02-25,221.86,228.99,234.59,227.88,232.08,39542200
793,2021-02-26,225.14,232.38,235.37,229.54,231.53,37819200
794,2021-03-01,229.56,236.94,237.47,233.15,235.9,25324000
795,2021-03-02,226.58,233.87,237.3,233.45,237.01,22812500
796,2021-03-03,220.47,227.56,233.58,227.26,232.16,34029500
797,2021-03-04,219.67,226.73,232.49,224.26,226.74,44727800
798,2021-03-05,224.38,231.6,233.27,226.46,229.52,41872800
799,2021-03-08,220.31,227.39,233.37,227.13,231.37,35267400
800,2021-03-09,226.5,233.78,235.38,231.67,232.88,33080500
801,2021-03-10,225.18,232.42,237.0,232.04,237.0,29746800
802,2021-03-11,229.74,237.13,239.17,234.31,234.96,29907600
803,2021-03-12,228.41,235.75,235.82,233.23,234.01,22653700
804,2021-03-15,227.49,234.81,235.19,231.81,234.96,26034900
805,2021-03-16,230.3,237.71,240.06,235.94,236.28,28092200
806,2021-03-17,229.65,237.04,238.55,233.23,236.15,29562100
807,2021-03-18,223.53,230.72,234.19,230.33,232.56,34833000
808,2021-03-19,223.17,230.35,232.47,229.35,231.02,46430700
809,2021-03-22,228.64,235.99,236.9,230.14,230.27,30127000
810,2021-03-23,230.18,237.58,241.05,237.07,237.49,31638400
811,2021-03-24,228.12,235.46,238.0,235.32,237.85,25620100
812,2021-03-25,225.1,232.34,236.94,231.57,235.3,34061900
813,2021-03-26,229.11,236.48,236.71,231.55,231.55,25479900
814,2021-03-29,227.91,235.24,236.8,231.88,236.59,25227500
815,2021-03-30,224.63,231.85,233.85,231.1,233.53,24792000
816,2021-03-31,228.42,235.77,239.1,232.39,232.91,43623500
817,2021-04-01,234.8,242.35,242.84,238.05,238.47,30338000
818,2021-04-05,241.31,249.07,249.96,242.7,242.76,36910600
819,2021-04-06,240.14,247.86,249.4,246.88,247.61,22931900
820,2021-04-07,242.11,249.9,250.93,247.19,247.81,22719800
821,2021-04-08,245.36,253.25,254.14,252.0,252.77,23625200
822,2021-04-09,247.88,255.85,255.99,252.44,252.87,24326800
823,2021-04-12,247.94,255.91,257.67,254.62,254.71,27148700
824,2021-04-13,250.44,258.49,259.19,256.83,257.26,23837500
825,2021-04-14,247.63,255.59,258.83,255.16,257.48,23070900
826,2021-04-15,251.42,259.5,259.93,257.73,257.93,25627500
827,2021-04-16,252.62,260.74,261.0,257.6,259.47,24878600
828,2021-04-19,250.68,258.74,261.48,257.82,260.19,23209300
829,2021-04-20,250.21,258.26,260.2,256.84,257.82,19722900
830,2021-04-21,252.46,260.58,260.68,257.25,258.94,24030400
831,2021-04-22,249.16,257.17,261.78,255.64,260.21,25606200
832,2021-04-23,253.01,261.15,261.51,257.27,257.88,21462600
833,2021-04-26,253.4,261.55,262.44,260.17,261.66,19763300
834,2021-04-27,253.81,261.97,263.19,260.12,261.58,31014200
835,2021-04-28,246.63,254.56,256.54,252.95,256.08,46903100
836,2021-04-29,244.64,252.51,256.1,249.0,255.46,40589000
837,2021-04-30,244.32,252.18,253.08,249.6,249.74,30945100
838,2021-05-03,244.01,251.86,254.35,251.12,253.4,19626600
839,2021-05-04,240.07,247.79,251.21,245.76,250.97,32756100
840,2021-05-05,238.79,246.47,249.5,245.82,249.06,21901300
841,2021-05-06,241.95,249.73,249.86,244.69,246.45,26491100
842,2021-05-07,244.59,252.46,254.3,251.17,252.15,27032900
843,2021-05-10,239.48,247.18,251.73,247.12,250.87,29299900
844,2021-05-11,238.56,246.23,246.6,242.57,244.55,33641600
845,2021-05-12,231.55,239.0,244.38,238.07,242.17,36684400
846,2021-05-13,235.46,243.03,245.6,241.42,241.8,29624300
847,2021-05-14,240.42,248.15,249.18,245.49,245.58,23901100
848,2021-05-17,237.54,245.18,246.59,243.52,246.55,24970200
849,2021-05-18,235.51,243.08,246.41,242.9,246.27,20168000
850,2021-05-19,236.09,243.12,243.23,238.6,239.31,25739800
851,2021-05-20,239.35,246.48,247.95,243.86,243.96,21800700
852,2021-05-21,238.08,245.17,248.33,244.74,247.57,21863100
853,2021-05-24,243.53,250.78,251.16,247.51,247.79,21411500
854,2021-05-25,244.44,251.72,252.75,250.82,251.77,17704300
855,2021-05-26,244.22,251.49,252.94,250.75,251.43,17771600
856,2021-05-27,242.1,249.31,251.48,249.25,251.17,24426200
857,2021-05-28,242.46,249.68,252.08,249.56,251.0,18270200
858,2021-06-01,240.25,247.4,251.29,246.96,251.23,23213300
859,2021-06-02,240.15,247.3,249.27,245.84,248.13,19406700
860,2021-06-03,238.6,245.71,246.34,243.0,245.22,25307700
861,2021-06-04,243.54,250.79,251.65,247.51,247.76,25281100
862,2021-06-07,246.47,253.81,254.09,249.81,249.98,23079200
863,2021-06-08,245.27,252.57,256.01,252.51,255.16,22455000
864,2021-06-09,246.26,253.59,255.53,253.21,253.81,17937600
865,2021-06-10,249.8,257.24,257.46,253.67,254.29,24563600
866,2021-06-11,250.43,257.89,258.49,256.61,257.99,18999700
867,2021-06-14,252.37,259.89,259.95,256.8,257.9,19150500
868,2021-06-15,250.89,258.36,259.99,257.68,259.77,18038900
869,2021-06-16,249.94,257.38,260.58,254.42,259.4,27220000
870,2021-06-17,253.36,260.9,261.75,256.01,256.07,27565500
871,2021-06-18,251.93,259.43,262.3,258.75,259.63,37202200
872,2021-06-21,255.04,262.63,263.52,257.92,259.82,26696100
873,2021-06-22,257.83,265.51,265.79,262.4,262.72,24694100
874,2021-06-23,257.6,265.27,266.83,264.43,265.99,19518700
875,2021-06-24,258.98,266.69,267.85,265.47,266.16,21446900
876,2021-06-25,257.36,265.02,267.25,264.76,266.23,25611100
877,2021-06-28,260.95,268.72,268.9,265.91,266.19,19590000
878,2021-06-29,263.55,271.4,271.65,267.98,268.87,19937800
879,2021-06-30,263.07,270.9,271.36,269.6,270.69,21656500
880,2021-07-01,263.75,271.6,271.84,269.6,269.61,16725300
881,2021-07-02,269.62,277.65,278.0,272.5,272.82,26458000
882,2021-07-06,269.63,277.66,279.37,274.3,278.03,31565600
883,2021-07-07,271.83,279.93,280.69,277.15,279.4,23260000
884,2021-07-08,269.4,277.42,278.73,274.87,276.9,24618600
885,2021-07-09,269.9,277.94,278.05,275.32,275.72,23916700
886,2021-07-12,269.3,277.32,279.77,276.58,279.16,18931700
887,2021-07-13,272.85,280.98,282.85,277.39,277.52,26120100
888,2021-07-14,274.34,282.51,283.66,280.55,282.35,23113700
889,2021-07-15,272.9,281.03,282.51,279.83,282.0,22604200
890,2021-07-16,272.63,280.75,284.1,279.46,282.07,26186800
891,2021-07-19,269.0,277.01,280.37,274.45,278.93,32935600
892,2021-07-20,271.24,279.32,280.97,276.26,278.03,26259700
893,2021-07-21,273.26,281.4,281.52,277.29,278.9,24364300
894,2021-07-22,277.87,286.14,286.42,283.42,283.84,23384100
895,2021-07-23,281.29,289.67,289.99,286.5,287.37,22768100
896,2021-07-26,280.69,289.05,289.69,286.64,289.0,23176100
897,2021-07-27,278.25,286.54,289.58,282.95,289.43,33604100
898,2021-07-28,277.94,286.22,290.15,283.83,288.99,33566900
899,2021-07-29,278.21,286.5,288.62,286.08,286.24,18168300
900,2021-07-30,276.67,284.91,286.66,283.91,285.17,20944800
901,2021-08-02,276.58,284.82,286.77,283.74,286.36,16267400
902,2021-08-03,278.82,287.12,287.23,284.0,285.42,17879000
903,2021-08-04,278.22,286.51,287.59,284.65,286.22,16191300
904,2021-08-05,281.15,289.52,289.63,286.1,286.88,13900200
905,2021-08-06,281.09,289.46,289.5,287.62,288.51,16589300
906,2021-08-09,279.99,288.33,291.55,287.81,289.75,16117600
907,2021-08-10,278.16,286.44,289.25,285.2,288.8,18616600
908,2021-08-11,278.65,286.95,288.66,285.86,287.21,13955900
909,2021-08-12,281.43,289.81,289.97,286.34,286.63,14561300
910,2021-08-13,284.38,292.85,292.9,289.3,289.48,18249000
911,2021-08-16,286.08,294.6,294.82,290.02,293.19,22507600
912,2021-08-17,284.6,293.08,293.43,291.08,292.39,20075300
913,2021-08-18,282.86,290.73,294.82,290.27,292.04,21813000
914,2021-08-19,288.74,296.77,297.47,288.64,288.69,29850500
915,2021-08-20,296.12,304.36,305.84,298.06,299.72,40817600
916,2021-08-23,296.41,304.65,305.4,301.85,303.25,22830200
917,2021-08-24,294.43,302.62,305.65,302.0,305.02,18175800
918,2021-08-25,293.84,302.01,304.59,300.42,304.3,20006100
919,2021-08-26,291.0,299.09,302.43,298.95,300.99,17666100
920,2021-08-27,291.61,299.72,300.87,296.83,298.99,22605700
921,2021-08-30,295.38,303.59,304.22,301.06,301.12,16348100
922,2021-08-31,293.71,301.88,304.5,301.5,304.42,26285300
923,2021-09-01,293.66,301.83,305.19,301.49,302.87,18983800
924,2021-09-02,293.0,301.15,303.36,300.18,302.2,16285600
925,2021-09-03,292.99,301.14,302.6,300.26,300.99,14747900
926,2021-09-07,292.06,300.18,301.09,298.2,301.01,17180400
927,2021-09-08,292.09,300.21,300.61,297.47,299.78,15046800
928,2021-09-09,289.21,297.25,302.14,297.0,300.82,19927000
929,2021-09-10,287.71,295.71,299.92,295.38,298.42,19633400
930,2021-09-13,288.95,296.99,298.54,294.08,297.55,23652900
931,2021-09-14,291.68,299.79,301.39,298.1,299.56,21853400
932,2021-09-15,296.57,304.82,305.32,301.82,303.26,28356300
933,2021-09-16,296.96,305.22,305.31,300.76,303.76,19550800
934,2021-09-17,291.76,299.87,304.5,299.53,304.17,41372500
935,2021-09-20,286.34,294.3,298.72,289.52,296.33,38278700
936,2021-09-21,286.82,294.8,297.54,294.07,295.69,22364100
937,2021-09-22,290.5,298.58,300.22,294.51,296.73,26626300
938,2021-09-23,291.45,299.56,300.9,297.53,298.85,18604600
939,2021-09-24,291.25,299.35,299.8,296.93,298.23,14999000
940,2021-09-27,286.21,294.17,296.47,292.94,296.14,23571700
941,2021-09-28,275.85,283.52,290.78,282.75,289.8,43186200
942,2021-09-29,276.32,284.0,286.77,283.01,285.1,26353700
943,2021-09-30,274.29,281.92,287.83,281.62,285.71,32343600
944,2021-10-01,281.28,289.1,289.98,281.29,282.12,30086300
945,2021-10-04,275.45,283.11,287.75,280.25,287.4,31350700
946,2021-10-05,280.95,288.76,290.4,284.05,284.05,24993000
947,2021-10-06,285.18,293.11,293.63,285.51,285.78,28002600
948,2021-10-07,286.87,294.85,296.64,293.92,295.18,20430500
949,2021-10-08,286.87,294.85,296.64,293.76,296.22,17685700
950,2021-10-11,286.27,294.23,297.97,292.75,292.92,19298600
951,2021-10-12,284.95,292.88,295.44,292.35,295.34,17974100
952,2021-10-13,288.29,296.31,297.28,293.49,294.91,23416300
953,2021-10-14,294.56,302.75,303.27,297.83,299.21,27262900
954,2021-10-15,295.98,304.21,304.45,300.52,302.34,25384800
955,2021-10-18,298.97,307.29,308.21,302.69,303.57,22729300
956,2021-10-19,299.89,308.23,309.3,307.22,308.35,17682100
957,2021-10-20,299.09,307.41,309.7,306.11,309.21,16537100
958,2021-10-21,302.35,310.76,311.02,306.36,307.17,16918100
959,2021-10-22,300.79,309.16,311.09,307.8,310.4,17449300
960,2021-10-25,299.79,308.13,309.4,306.46,309.36,17554500
961,2021-10-26,301.72,310.11,312.4,308.6,311.0,28107300
962,2021-10-27,314.43,323.17,326.1,316.0,316.0,52588700
963,2021-10-28,315.57,324.35,324.87,321.36,324.33,26297900
964,2021-10-29,322.65,331.62,332.0,323.9,324.13,34766000
965,2021-11-01,320.46,329.37,331.49,326.37,331.36,27073200
966,2021-11-02,324.12,333.13,333.45,330.0,330.31,26487100
967,2021-11-03,324.96,334.0,334.9,330.65,333.9,21500100
968,2021-11-04,327.34,336.44,336.54,329.51,332.89,23992200
969,2021-11-05,326.97,336.06,338.79,334.42,338.51,22570100
970,2021-11-08,327.87,336.99,337.65,334.44,337.3,20897000
971,2021-11-09,326.86,335.95,338.72,334.53,337.11,21307400
972,2021-11-10,321.85,330.8,334.63,329.92,334.57,25500900
973,2021-11-11,323.43,332.43,333.77,330.51,331.25,16849800
974,2021-11-12,327.61,336.72,337.23,333.79,333.92,23831000
975,2021-11-15,326.98,336.07,337.88,334.03,337.54,16723000
976,2021-11-16,330.32,339.51,340.67,335.51,335.68,20886800
977,2021-11-17,330.55,339.12,342.19,338.0,338.94,19053400
978,2021-11-18,332.64,341.27,342.45,337.12,338.18,22463500
979,2021-11-19,334.44,343.11,345.1,342.2,342.64,21963400
980,2021-11-22,331.24,339.83,349.67,339.55,344.62,31031100
981,2021-11-23,329.14,337.68,339.45,333.56,337.05,30427600
982,2021-11-24,329.37,337.91,338.16,333.91,336.28,21661300
983,2021-11-26,321.35,329.68,337.93,328.12,334.35,24217200
984,2021-11-29,328.12,336.63,339.03,334.74,334.94,28563500
985,2021-11-30,322.23,330.59,337.78,328.99,335.32,42885600
986,2021-12-01,321.74,330.08,339.28,329.39,335.13,33337600
987,2021-12-02,321.16,329.49,333.49,327.8,330.3,30766000
988,2021-12-03,314.84,323.01,332.7,318.03,331.99,41779300
989,2021-12-06,317.94,326.19,327.45,319.23,323.95,30032600
990,2021-12-07,326.45,334.92,335.8,330.1,331.64,31021900
991,2021-12-08,326.5,334.97,335.5,330.8,335.31,24761000
992,2021-12-09,324.68,333.1,336.49,332.12,334.41,22214200
993,2021-12-10,333.88,342.54,343.0,334.79,334.98,38095700
994,2021-12-13,330.82,339.4,343.79,339.08,340.68,28899400
995,2021-12-14,320.04,328.34,334.64,324.11,333.22,44438700
996,2021-12-15,326.19,334.65,335.19,324.5,328.61,35381100
997,2021-12-16,316.69,324.9,336.76,323.02,335.71,35034800
998,2021-12-17,315.61,323.8,324.92,317.25,320.88,47750300
999,2021-12-20,311.82,319.91,322.8,317.57,320.05,28326500
1000,2021-12-21,319.02,327.29,327.73,319.8,323.29,24740600
1001,2021-12-22,324.78,333.2,333.61,325.75,328.3,24831500
1002,2021-12-23,326.23,334.69,336.39,332.73,332.75,19617800
1003,2021-12-27,333.79,342.45,342.48,335.43,335.46,19947000
1004,2021-12-28,332.62,341.25,343.81,340.32,343.15,15661500
1005,2021-12-29,333.31,341.95,344.3,339.68,341.3,15042000
1006,2021-12-30,330.74,339.32,343.13,338.82,341.91,15994500
1007,2021-12-31,327.82,336.32,339.36,335.85,338.51,18000800
